name,category,tier,hq,source,source_id,source_url,careers_url
BNP Paribas,Banque BB,1,Paris,manuel,,,https://group.bnpparibas/
Bank of America,Banque BB,1,New York,workday,ghr.wd1/lateral-emea|Lateral-US,,https://careers.bankofamerica.com
Barclays,Banque BB,1,London,workday,barclays.wd3/External_Career_Site_Barclays,,https://search.jobs.barclays
Citi,Banque BB,1,New York,workday,citi.wd5/2,,https://jobs.citi.com
Crédit Agricole CIB,Banque BB,1,Paris,html,/offre-de-emploi/emploi-[a-z0-9-]+_\d+\.aspx,https://jobs.ca-cib.com/offre-de-emploi/liste-offres.aspx?mode=list,https://www.ca-cib.com/careers
Deutsche Bank,Banque BB,1,Frankfurt,beesite,api-deutschebank.beesite.de,,https://careers.db.com
Goldman Sachs,Banque BB,1,New York,goldman,,,https://www.goldmansachs.com/careers
HSBC,Banque BB,1,London,html,"/external/(?:JobDetail|PipelineDetail)/[^\""']+/\d+",https://mycareer.hsbc.com/en_GB/external/SearchJobs/?keyword=intern,https://www.hsbc.com/careers
J.P. Morgan,Banque BB,1,New York,oracle,jpmc.fa.oraclecloud.com/CX_1001,,https://careers.jpmorgan.com
Jefferies,Banque BB,1,New York,oleeo,jefferies,,https://www.jefferies.com/careers
Morgan Stanley,Banque BB,1,New York,oleeo,morganstanley,,https://www.morganstanley.com/careers
Natixis CIB,Banque BB,1,Paris,manuel,,,https://www.natixis.com/en/careers
Société Générale,Banque BB,1,Paris,manuel,,,https://careers.societegenerale.com
UBS,Banque BB,1,Zurich,manuel,,,https://www.ubs.com/
Centerview Partners,Boutique M&A,1,New York,watch,,https://www.centerviewpartners.com/careers.aspx,https://www.centerviewpartners.com/
Evercore,Boutique M&A,1,New York,oleeo,evercore,,https://www.evercore.com/careers
Evercore,Boutique M&A,1,New York,smartrecruiters,Wiser|Evercore,,https://www.evercore.com/careers/students-graduates/students-graduates-europe-asia/
Houlihan Lokey,Boutique M&A,1,Los Angeles,workday,hl.wd1/Campus|Corporate,,https://hl.com/careers
Lazard,Boutique M&A,1,New York,oracle,icbpjb.fa.ocs.oraclecloud.com/LazardProfessionalCareers,,https://www.lazard.com/careers
Messier & Associés,Boutique M&A,1,Paris,manuel,,,https://www.messierassocies.com
Moelis & Company,Boutique M&A,1,New York,workday,moelis.wd1/University-Hires|Experienced-Hires,,https://www.moelis.com/careers
PJT Partners,Boutique M&A,1,New York,workday,pjtpartners.wd1/Careers,,https://www.pjtpartners.com/careers
Perella Weinberg Partners,Boutique M&A,1,New York,oleeo,pwpcareers,,https://pwpartners.com/careers
Rothschild & Co,Boutique M&A,1,Paris,workday,rothschildandco.wd3/Rothschildandco_Interns|Rothschildandco_Lateral,,https://www.rothschildandco.com/en/careers
Rothschild & Co,Boutique M&A,1,Paris,oleeo,rothschildandco,,https://www.rothschildandco.com/en/careers
Ares Management,Dette Privée,1,Los Angeles,workday,aresmgmt.wd1/External,,https://www.aresmgmt.com/careers
Blue Owl,Dette Privée,1,New York,workday,blueowl.wd1/blueowl,,https://www.blueowl.com/careers
HPS Investment Partners,Dette Privée,1,New York,greenhouse,hpsinvestmentpartners,,https://www.hpspartners.com/careers
Oaktree Capital,Dette Privée,1,Los Angeles,workday,oaktree.wd1/Oaktree,,https://www.oaktreecapital.com/careers
Sixth Street,Dette Privée,1,San Francisco,workday,sixthstreet.wd1/sixthstreetcareers,,https://sixthstreet.com/careers
Antin Infrastructure Partners,Infra / Real Assets,1,Paris,teamtailor,antininfrastructurepartners-1655458195,,https://www.antin-ip.com/careers
CPP Investments,Investisseur institutionnel,1,Toronto,workday,cppib.wd10/cppinvestments,,https://www.cppinvestments.com/careers
GIC,Investisseur institutionnel,1,Singapore,manuel,,,https://www.gic.com.sg/
Temasek,Investisseur institutionnel,1,Singapore,manuel,,,https://www.temasek.com.sg/
Alantra,M&A Mid-Market,1,Madrid,workday,alantra.wd3/Alantra,,https://www.alantra.com/careers
DC Advisory,M&A Mid-Market,1,London,manuel,,,https://www.dcadvisory.com/
Lincoln International,M&A Mid-Market,1,Chicago,greenhouse,lincolninternational,,https://www.lincolninternational.com/careers
Oddo BHF,M&A Mid-Market,1,Paris,watch,,https://www.oddo-bhf.com/fr/,https://www.oddo-bhf.com/fr/carrieres
Advent International,Private Equity,1,Boston,workday,adventinternational.wd12/AdventCareers,,https://www.adventinternational.com/careers
Apax Partners,Private Equity,1,London,lever,apax,,https://www.apax.com/careers
Apollo,Private Equity,1,New York,workday,athene.wd5/Apollo_Careers,,https://www.apollo.com/careers
Ardian,Private Equity,1,Paris,workday,ardian.wd103/ArdianCareers,,https://www.ardian.com/careers
Astorg,Private Equity,1,Paris,pinpoint,astorg,,https://www.astorg.com/
Bain Capital,Private Equity,1,Boston,workday,baincapital.wd1/External_Public,,https://www.baincapital.com/careers
Blackstone,Private Equity,1,New York,workday,blackstone.wd1/Blackstone_Campus_Careers|Blackstone_Careers,,https://www.blackstone.com/careers
Bpifrance,Private Equity,1,Paris,manuel,,,https://www.bpifrance.fr/
Bridgepoint,Private Equity,1,London,manuel,,,https://www.bridgepoint.eu/
Brookfield,Private Equity,1,Toronto,workday,brookfield.wd5/brookfield,,https://www.brookfield.com/careers
CVC Capital Partners,Private Equity,1,Luxembourg,manuel,,,https://www.cvc.com/
Carlyle,Private Equity,1,Washington,workday,carlyle.wd1/Carlyle,,https://www.carlyle.com/careers
Cinven,Private Equity,1,London,pinpoint,cinven,,https://www.cinven.com/careers
EQT,Private Equity,1,Stockholm,greenhouse,eqtpartners,,https://eqtgroup.com/careers
Eurazeo,Private Equity,1,Paris,watch,,https://www.eurazeo.com/en,https://www.eurazeo.com/
General Atlantic,Private Equity,1,New York,greenhouse,generalatlantic,,https://www.generalatlantic.com/careers
Hg,Private Equity,1,London,pinpoint,hgcapital,,https://hgcapital.com/
ICG,Private Equity,1,London,workday,icg.wd3/external_careers,,https://www.icgam.com/careers
KKR,Private Equity,1,New York,greenhouse,staged,,https://www.kkr.com/careers
PAI Partners,Private Equity,1,Paris,recruitee,paipartners,,https://www.paipartners.com/careers
Partners Group,Private Equity,1,Baar,watch,,https://www.partnersgroup.com/en/careers/open-positions,https://www.partnersgroup.com/en/careers
Permira,Private Equity,1,London,greenhouse,permiraexternalprivate,,https://www.permira.com/careers
TPG,Private Equity,1,San Francisco,greenhouse,tpgcareers,,https://www.tpg.com/careers
Tikehau Capital,Private Equity,1,Paris,manuel,,,https://www.tikehaucapital.com/en/careers
Warburg Pincus,Private Equity,1,New York,greenhouse,warburgpincusllc,,https://warburgpincus.com/careers
Wendel,Private Equity,1,Paris,manuel,,,https://www.wendelgroup.com/
MUFG,Banque BB,2,Tokyo,workday,mufgub.wd3/MUFG-Careers,,https://www.mufgemea.com/careers
Macquarie,Banque BB,2,Sydney,watch,,https://www.macquarie.com/fr/en.html,https://www.macquarie.com/careers
Mizuho,Banque BB,2,Tokyo,workday,mizuho.wd1/mizuhoamericas,,https://www.mizuhogroup.com/americas/careers
Nomura,Banque BB,2,Tokyo,oleeo,nomuracampus,,https://www.nomura.com/careers
RBC Capital Markets,Banque BB,2,Toronto,workday,rbc.wd3/RBCEARLYTALENT1,,https://jobs.rbc.com
SMBC,Banque BB,2,Tokyo,watch,,https://www.smbcgroup.com/emea/careers,https://www.smbcgroup.com/emea/careers
Santander CIB,Banque BB,2,Madrid,workday,santander.wd3/SantanderCareers,,https://www.santandercib.com/careers
Wells Fargo,Banque BB,2,New York,oleeo,wellsfargo,,https://www.wellsfargojobs.com
Edmond de Rothschild Corporate Finance,Boutique M&A,2,Paris,manuel,,,https://www.edmond-de-rothschild.com/
Guggenheim Partners,Boutique M&A,2,New York,workday,guggenheim.wd1/Guggenheim_Careers_Campus|Guggenheim_Undergraduate_Programs|Guggenheim_Careers,,https://www.guggenheimpartners.com/careers
LionTree,Boutique M&A,2,New York,greenhouse,liontree,,https://www.liontree.com/careers
Natixis Partners,Boutique M&A,2,Paris,manuel,,,https://www.natixispartners.com
Qatalyst Partners,Boutique M&A,2,San Francisco,manuel,,,https://www.qatalyst.com/
Robey Warshaw,Boutique M&A,2,London,manuel,,,https://www.robeywarshaw.com/
Solomon Partners,Boutique M&A,2,New York,greenhouse,solomonpartnersprofessionals,,https://www.solomonpartners.com/careers
LVMH,Corporate Finance,2,Paris,watch,,https://www.lvmh.com/en,https://www.lvmh.com/en/join-us
Arcmont Asset Management,Dette Privée,2,London,manuel,,,https://www.arcmont.com/
Barings,Dette Privée,2,Charlotte,workday,barings.wd1/Early_Talent|Barings,,https://www.barings.com/careers
Capza,Dette Privée,2,Paris,smartrecruiters,capza,,https://www.capza.co
Fortress Investment Group,Dette Privée,2,New York,workday,fortress.wd503/Careers,,https://www.fortress.com/careers
Golub Capital,Dette Privée,2,Chicago,manuel,,,https://golubcapital.com/careers
Hayfin Capital Management,Dette Privée,2,London,manuel,,,https://www.hayfin.com/
Pemberton Asset Management,Dette Privée,2,London,ashby,Pemberton,,https://pembertonam.com/careers
AXA IM Alts,Infra / Real Assets,2,Paris,watch,,https://www.bnpparibas-am.com/en/,https://www.axa-im.com/careers
Global Infrastructure Partners,Infra / Real Assets,2,New York,manuel,,,https://www.global-infra.com/careers
InfraVia Capital Partners,Infra / Real Assets,2,Paris,manuel,,,https://www.infraviacapital.com
Meridiam,Infra / Real Assets,2,Paris,recruitee,meridiam,,https://www.meridiam.com/
Stonepeak,Infra / Real Assets,2,New York,manuel,,,https://stonepeak.com/
ADIA,Investisseur institutionnel,2,Abu Dhabi,manuel,,,https://www.adia.ae/en/careers
BlackRock,Investisseur institutionnel,2,New York,oleeo,blackrock,,https://careers.blackrock.com
CDPQ,Investisseur institutionnel,2,Montreal,workday,cdpq.wd10/CDPQ|CDPQ-recrutement-universitaire,,https://www.cdpq.com/en/careers
Lombard Odier,Investisseur institutionnel,2,Geneva,workday,lombardodier.wd3/Lombard_Odier_Careers,,https://www.lombardodier.com/careers
Mubadala,Investisseur institutionnel,2,Abu Dhabi,watch,,https://www.mubadala.com/en,https://www.mubadala.com/en/careers
Ontario Teachers' (OTPP),Investisseur institutionnel,2,Toronto,workday,otppb.wd3/OntarioTeachers_Careers,,https://www.otpp.com/en-ca/careers
Pictet,Investisseur institutionnel,2,Geneva,watch,,https://www.pictet.com/fr/fr/careers,https://www.group.pictet/careers
Baird,M&A Mid-Market,2,Milwaukee,workday,baird.wd1/Careers,,https://www.rwbaird.com/
Bryan Garnier & Co,M&A Mid-Market,2,Paris,watch,,https://stifelinstitutional.com/global-coverage/europe/,https://www.bryangarnier.com/careers
Cambon Partners,M&A Mid-Market,2,Paris,manuel,,,https://www.cambon-partners.com/
Capitalmind Investec,M&A Mid-Market,2,Paris,manuel,,,https://www.capitalmind.com/
Clearwater International,M&A Mid-Market,2,London,manuel,,,https://www.clearwaterinternational.com/
Clipperton,M&A Mid-Market,2,Paris,workable,clipperton,,https://www.clipperton.net
Harris Williams,M&A Mid-Market,2,Richmond,workday,pnc.wd5/HarrisWilliams,,https://www.harriswilliams.com/careers
Investec,M&A Mid-Market,2,London,manuel,,,https://www.investec.com/
Oaklins,M&A Mid-Market,2,Amsterdam,watch,,https://www.oaklins.com/fr/en/,https://www.oaklins.com/careers
Piper Sandler,M&A Mid-Market,2,Minneapolis,workday,pipersandler.wd501/Piper_Sandler_Careers,,https://www.pipersandler.com/careers
William Blair,M&A Mid-Market,2,Chicago,greenhouse,williamblair,,https://www.williamblair.com/careers
3i,Private Equity,2,London,workday,3i.wd103/Intern_Career|Direct_Hire,,https://www.3i.com/careers
BC Partners,Private Equity,2,London,recruitee,bcpartners,,https://www.bcpartners.com/careers
Clayton Dubilier & Rice,Private Equity,2,New York,manuel,,,https://www.cdr-inc.com/
Equistone,Private Equity,2,London,watch,,https://www.equistonepe.com/home,https://www.equistonepe.com/careers
Hellman & Friedman,Private Equity,2,San Francisco,manuel,,,https://hf.com/
Hillhouse Investment,Private Equity,2,Singapore,manuel,,,https://www.hillhouseinvestment.com/
IK Partners,Private Equity,2,London,recruitee,ikpartners,,https://ikpartners.com/careers
Inflexion,Private Equity,2,London,manuel,,,https://www.inflexion.com/
Investindustrial,Private Equity,2,London,manuel,,,https://www.investindustrial.com/
Keensight Capital,Private Equity,2,Paris,manuel,,,https://www.keensightcapital.com
L Catterton,Private Equity,2,Greenwich,workday,lcatterton.wd501/External_Career_Site,,https://www.lcatterton.com/careers
MBK Partners,Private Equity,2,Seoul,manuel,,,https://www.mbkpartnersltd.com
Montagu,Private Equity,2,London,manuel,,,https://www.montagu.com/
Montefiore Investment,Private Equity,2,Paris,manuel,,,https://www.montefiore.eu
Neuberger Berman,Private Equity,2,New York,workday,nb.wd1/NBCareers,,https://www.nb.com/en/global/careers
Nordic Capital,Private Equity,2,Stockholm,teamtailor,nordiccapital,,https://www.nordiccapital.com/
PAG,Private Equity,2,Hong Kong,watch,,https://www.pag.com/en/,https://www.pag.com/careers
Seven2,Private Equity,2,Paris,watch,,https://www.seven2.eu/en/,https://www.seven2.eu/
Silver Lake,Private Equity,2,Menlo Park,manuel,,,https://www.silverlake.com/
Thoma Bravo,Private Equity,2,Chicago,manuel,,,https://www.thomabravo.com/
Triton Partners,Private Equity,2,Frankfurt,workday,tritonpartners.wd3/External,,https://www.triton-partners.com/careers
Vista Equity Partners,Private Equity,2,Austin,html,"/jobs/\d+/[^/\""']+/job",https://careers-vistaequitypartners.icims.com/jobs/search?ss=1&in_iframe=1,https://www.vistaequitypartners.com/careers
Vitruvian Partners,Private Equity,2,London,workday,vitruvian.wd108/vitruviancareers,,https://www.vitruvianpartners.com/careers
Accuracy,Transaction Services,2,Paris,manuel,,,https://www.accuracy.com/careers
Alvarez & Marsal,Transaction Services,2,New York,workday,alvarezandmarsal.wd1/alvarezandmarsal,,https://www.alvarezandmarsal.com/careers
Deloitte,Transaction Services,2,London,watch,,https://www.deloitte.com/fr/fr.html,https://www2.deloitte.com/fr/fr/careers.html
EY,Transaction Services,2,London,watch,,https://www.ey.com/fr_fr,https://www.ey.com/en_gl/careers
Eight Advisory,Transaction Services,2,Paris,manuel,,,https://www.8advisory.com/
KPMG,Transaction Services,2,Amstelveen,watch,,https://kpmg.com/xx/en.html,https://kpmg.com/xx/en/careers.html
PwC,Transaction Services,2,London,workday,pwc.wd3/Global_Campus_Careers,,https://www.pwc.com/gx/en/careers.html
BBVA CIB,Banque BB,3,Madrid,workday,bbva.wd3/BBVA,,https://www.bbva.com/en/careers
BMO Capital Markets,Banque BB,3,Toronto,workday,bmo.wd3/Campus,,https://jobs.bmo.com
Commerzbank,Banque BB,3,Frankfurt,manuel,,,https://www.commerzbank.de/
ING,Banque BB,3,Amsterdam,workday,ing.wd3/ICSGBLCOR|ICSFRADIR,,https://www.ing.jobs
KDB Korea Development Bank,Banque BB,3,Seoul,manuel,,,https://www.kdb.co.kr
Mirae Asset Securities,Banque BB,3,Seoul,manuel,,,https://securities.miraeasset.com
Samsung Securities,Banque BB,3,Seoul,manuel,,,https://www.samsungpop.com
Scotiabank,Banque BB,3,Toronto,rss,,https://jobs.scotiabank.com/services/rss/job/?locale=en_US&keywords=intern,https://jobs.scotiabank.com
Standard Chartered,Banque BB,3,London,rss,,https://jobs.standardchartered.com/services/rss/job/?locale=en_GB&keywords=intern,https://jobs.standardchartered.com
TD Securities,Banque BB,3,Toronto,workday,td.wd3/TD_Bank_Careers,,https://jobs.td.com
UniCredit,Banque BB,3,Milan,watch,,https://www.unicreditgroup.eu/en.html,https://www.unicreditgroup.eu/en/careers.html
Allen & Company,Boutique M&A,3,New York,manuel,,,https://www.allenco.com/
Arma Partners,Boutique M&A,3,London,manuel,,,https://www.armapartners.com/careers
Ducera Partners,Boutique M&A,3,New York,greenhouse,ducerapartners|ducerapartnerscampus,,https://www.ducerapartners.com/careers
Ondra Partners,Boutique M&A,3,London,manuel,,,https://www.ondra.com
Raine Group,Boutique M&A,3,New York,lever,raine,,https://raine.com/careers
Engie,Corporate Finance,3,Paris,manuel,,,https://www.engie.com/
Gunvor,Corporate Finance,3,Geneva,workday,gunvor.wd3/Gunvor_Careers,,https://gunvorgroup.com/careers
Kering,Corporate Finance,3,Paris,workday,kering.wd3/Kering,,https://www.kering.com/en/talent
L'Oréal,Corporate Finance,3,Paris,watch,,https://careers.loreal.com/en,https://careers.loreal.com
Schneider Electric,Corporate Finance,3,Paris,manuel,,,https://www.se.com/
TotalEnergies,Corporate Finance,3,Paris,watch,,https://totalenergies.com/careers,https://totalenergies.com/careers
Trafigura,Corporate Finance,3,Geneva,workday,trafigura.wd3/TrafiguraCareerSite,,https://www.trafigura.com/careers
Vitol,Corporate Finance,3,Geneva,smartrecruiters,Vitol,,https://www.vitol.com/careers
Alcentra (Franklin),Dette Privée,3,London,watch,,https://www.bspcredit.com/international/,https://www.alcentra.com
Antares Capital,Dette Privée,3,Chicago,workday,antares.wd5/antares,,https://www.antares.com/careers
Benefit Street Partners,Dette Privée,3,New York,watch,,https://www.bspcredit.com/international/,https://www.benefitstreetpartners.com/
BlueBay (RBC),Dette Privée,3,London,manuel,,,https://www.bluebay.com/
Centerbridge Partners,Dette Privée,3,New York,manuel,,,https://www.centerbridge.com/
Cerberus Capital,Dette Privée,3,New York,workday,cerberus.wd1/CerberusCareers,,https://www.cerberus.com/careers
Churchill Asset Management,Dette Privée,3,New York,manuel,,,https://www.churchillam.com/
Crescent Capital,Dette Privée,3,Los Angeles,manuel,,,https://www.crescentcap.com/careers
Davidson Kempner,Dette Privée,3,New York,greenhouse,1456754456yhgbhfg,,https://www.davidsonkempner.com/careers
Elliott Management,Dette Privée,3,West Palm Beach,manuel,,,https://www.elliottmgmt.com/careers
Kartesia,Dette Privée,3,Brussels,manuel,,,https://www.kartesia.com
Monroe Capital,Dette Privée,3,Chicago,manuel,,,https://www.monroecap.com/careers
Muzinich & Co,Dette Privée,3,New York,workday,muzinich.wd5/muzinichcareers,,https://www.muzinich.com/careers
BauMont Real Estate Capital,Infra / Real Assets,3,London,manuel,,,https://www.baumont.com/
Mirova,Infra / Real Assets,3,Paris,watch,,https://www.mirova.com/fr,https://www.mirova.com/
PATRIZIA,Infra / Real Assets,3,Augsburg,watch,,https://www.patrizia.ag/en,https://www.patrizia.ag/en/careers
Tishman Speyer,Infra / Real Assets,3,New York,manuel,,,https://www.tishmanspeyer.com/
AXA,Investisseur institutionnel,3,Paris,html,"/jobs/\d+/[^/\""']+/job",https://careers-en-axa.icims.com/jobs/search?ss=1&searchKeyword=intern&in_iframe=1,https://www.axa.com/en/careers
Amundi,Investisseur institutionnel,3,Paris,manuel,,,https://about.amundi.com/
Korea Investment Corporation,Investisseur institutionnel,3,Seoul,manuel,,,https://www.kic.kr/en
Lazard Asset Management,Investisseur institutionnel,3,New York,watch,,https://www.lazardassetmanagement.com/entry?relTargetURL=home,https://www.lazardassetmanagement.com/
Mirabaud,Investisseur institutionnel,3,Geneva,watch,,https://www.mirabaud.com/en/,https://www.mirabaud.com/en/careers
Norges Bank Investment Management,Investisseur institutionnel,3,Oslo,manuel,,,https://www.nbim.no/
PIF,Investisseur institutionnel,3,Riyadh,manuel,,,https://www.pif.gov.sa/
PSP Investments,Investisseur institutionnel,3,Montreal,workday,investpsp.wd3/psp_careers,,https://www.investpsp.com/en/careers
QIA,Investisseur institutionnel,3,Doha,oracle,fa-esgr-saasfaprod1.fa.ocs.oraclecloud.com/CX_1,,https://www.qia.qa/en/Careers
Union Bancaire Privée,Investisseur institutionnel,3,Geneva,watch,,https://www.ubp.com/en,https://www.ubp.com/en/careers
Aelios Finance,M&A Mid-Market,3,Paris,manuel,,,https://www.aelios-finance.com/
Canaccord Genuity,M&A Mid-Market,3,Toronto,workday,cgf.wd10/CG,,https://www.canaccordgenuity.com/careers
Cavendish,M&A Mid-Market,3,London,manuel,,,https://www.cavendish.com/careers
Degroof Petercam,M&A Mid-Market,3,Brussels,watch,,https://www.degroofpetercam.com/en-be,https://www.degroofpetercam.com/
Evelyn Partners,M&A Mid-Market,3,London,smartrecruiters,EvelynPartners,,https://www.evelyn.com/careers
In Extenso Finance & Transmission,M&A Mid-Market,3,Paris,manuel,,,https://www.inextenso-finance.fr
Kepler Cheuvreux,M&A Mid-Market,3,Paris,teamtailor,keplercheuvreux,,https://www.keplercheuvreux.com/en/careers
KeyBanc Capital Markets,M&A Mid-Market,3,Cleveland,workday,keybank.wd5/External_Career_Site,,https://www.key.com/about/careers.html
Mediobanca,M&A Mid-Market,3,Milan,manuel,,,https://www.mediobanca.com/
Numis (Deutsche),M&A Mid-Market,3,London,watch,,https://country.db.com:443/uk/dedicatedtotheuki/raisedinlondon/,https://www.numis.com/careers
Peel Hunt,M&A Mid-Market,3,London,manuel,,,https://www.peelhunt.com/
Portzamparc (BNP),M&A Mid-Market,3,Nantes,manuel,,,https://www.portzamparc.fr
Raymond James,M&A Mid-Market,3,St. Petersburg,workday,raymondjames.wd1/RaymondJamesEarlyCareers,,https://www.raymondjames.com/careers
Stifel,M&A Mid-Market,3,St. Louis,html,"/jobs/\d+/[^/\""']+/job",https://careers-stifel.icims.com/jobs/search?ss=1&searchKeyword=intern&in_iframe=1,https://www.stifel.com/careers
Truist Securities,M&A Mid-Market,3,Atlanta,manuel,,,https://careers.truist.com
Abenex,Private Equity,3,Paris,watch,,https://www.abenex.com/fr,https://www.abenex.com
Activa Capital,Private Equity,3,Paris,manuel,,,https://www.activacapital.com
Adams Street Partners,Private Equity,3,Chicago,greenhouse,adamsstreetpartners,,https://www.adamsstreetpartners.com/careers
Affinity Equity Partners,Private Equity,3,Hong Kong,manuel,,,https://www.affinityequity.com
Andera Partners,Private Equity,3,Paris,manuel,,,https://www.anderapartners.com
Argos Wityu,Private Equity,3,Paris,manuel,,,https://www.argos.wityu.fund/
Capvis,Private Equity,3,Zurich,watch,,https://www.capvis.com/en/,https://www.capvis.com
Cathay Capital,Private Equity,3,Paris,manuel,,,https://www.cathay.fr
Charterhouse Capital Partners,Private Equity,3,London,manuel,,,https://www.charterhouse.co.uk
Chequers Capital,Private Equity,3,Paris,manuel,,,https://www.chequerscapital.com
Cobepa,Private Equity,3,Brussels,manuel,,,https://www.cobepa.com
Coller Capital,Private Equity,3,London,teamtailor,collercapital-1660725598,,https://www.collercapital.com/careers
Edmond de Rothschild Private Equity,Private Equity,3,Geneva,manuel,,,https://www.edmond-de-rothschild.com/
Exponent,Private Equity,3,London,manuel,,,https://www.exponentpe.com
GBL / Sienna,Private Equity,3,Brussels,watch,,https://www.gbl.com/en,https://www.gbl.com/en/careers
Hahn & Co,Private Equity,3,Seoul,manuel,,,https://www.hahnco.com/
Hamilton Lane,Private Equity,3,Philadelphia,workday,hamiltonlane.wd108/Search,,https://www.hamiltonlane.com/en-us/careers
HarbourVest,Private Equity,3,Boston,workday,harbourvest.wd5/HVP,,https://www.harbourvest.com/careers
IMM Private Equity,Private Equity,3,Seoul,manuel,,,https://www.imm.co.kr/
LBO France,Private Equity,3,Paris,manuel,,,https://www.lbofrance.com
Latour Capital,Private Equity,3,Paris,manuel,,,https://www.latour-capital.com/
Leonard Green & Partners,Private Equity,3,Los Angeles,manuel,,,https://www.leonardgreen.com
Lexington Partners,Private Equity,3,New York,manuel,,,https://www.lexingtonpartners.com/careers
Mérieux Equity Partners,Private Equity,3,Lyon,manuel,,,https://www.merieux-partners.com
Naxicap Partners,Private Equity,3,Paris,manuel,,,https://www.naxicap.fr
Omnes Capital,Private Equity,3,Paris,manuel,,,https://www.omnescapital.com
Parquest Capital,Private Equity,3,Paris,manuel,,,https://www.parquest.com/
Platinum Equity,Private Equity,3,Beverly Hills,manuel,,,https://www.platinumequity.com/
Qualium Investissement,Private Equity,3,Paris,watch,,https://qualium-investissement.com/en/homepage/,https://www.qualium-investissement.com
Searchlight Capital,Private Equity,3,New York,manuel,,,https://www.searchlightcap.com
Sofina,Private Equity,3,Brussels,watch,,https://www.sofinagroup.com/en,https://www.sofinagroup.com
StepStone Group,Private Equity,3,New York,greenhouse,stepstone,,https://www.stepstonegroup.com/careers
Unigestion,Private Equity,3,Geneva,manuel,,,https://www.unigestion.com/
Weinberg Capital Partners,Private Equity,3,Paris,manuel,,,https://www.weinbergcapital.com
Advention,Transaction Services,3,Paris,manuel,,,https://www.advention.com/
FTI Consulting,Transaction Services,3,Washington,watch,,https://www.fticonsulting.com/fr-fr/france,https://www.fticonsulting.com/careers
Forvis Mazars,Transaction Services,3,Paris,greenhouse,forvismazars,,https://www.forvismazars.com/group/en/careers
Grant Thornton,Transaction Services,3,Chicago,recruitee,grantthornton,,https://www.grantthornton.global/en/careers
Kroll,Transaction Services,3,New York,watch,,https://www.kroll.com/en,https://www.kroll.com/
ACTICAM,M&A Mid-Market,3,Paris,watch,,https://acticam.fr,https://acticam.fr
AEC Partners,M&A Mid-Market,3,Paris,manuel,,,
AURIS Finance,M&A Mid-Market,3,Paris,watch,,https://auris-finance.fr,https://auris-finance.fr
Adviso Partners,M&A Mid-Market,3,Paris,manuel,,,
Aforge Finance,M&A Mid-Market,3,Paris,manuel,,,
Allinvest,M&A Mid-Market,3,Paris,watch,,https://all-invest.com,https://all-invest.com
Altios,M&A Mid-Market,3,Paris,rss,,https://careers.altios.com/jobs.rss,https://altios.com
Ama Partners,M&A Mid-Market,3,Paris,watch,,https://ama-partners.com,https://ama-partners.com
Arc Capital,M&A Mid-Market,3,Paris,manuel,,,
Arcallium,M&A Mid-Market,3,Paris,watch,,https://www.arcallium.com,https://www.arcallium.com
Arcéane,M&A Mid-Market,3,Paris,watch,,https://arceane.com/recrutement/,https://arceane.com/recrutement/
Aristea,M&A Mid-Market,3,Paris,manuel,,,
Arjil,M&A Mid-Market,3,Paris,manuel,,,
Assurances du Crédit Mutuel,Banque BB,3,Paris,manuel,,,
Atout Capital,M&A Mid-Market,3,Paris,watch,,https://www.atoutcapital.com/,https://www.atoutcapital.com/
Aurignac Finance,M&A Mid-Market,3,Paris,manuel,,,
Avolta Partners,M&A Mid-Market,3,Paris,manuel,,,
Axe Média,M&A Mid-Market,3,Paris,manuel,,,
Aya Partners,M&A Mid-Market,3,Paris,watch,,https://aya-partners.com,https://aya-partners.com
B&L Partners,M&A Mid-Market,3,Paris,manuel,,,
Barber Hauler Capital Advisers,M&A Mid-Market,3,Paris,watch,,https://barberhauler.com/fr/,https://barberhauler.com/fr/
Bucéphale Finance,M&A Mid-Market,3,Paris,watch,,https://www.bucephale.finance/nous-rejoindre/,https://www.bucephale.finance/nous-rejoindre/
Build Up,M&A Mid-Market,3,Paris,manuel,,,
ByCap,M&A Mid-Market,3,Paris,manuel,,,
CFI France – Athema,M&A Mid-Market,3,Paris,manuel,,,
CIC Conseil (Crédit Mutuel Alliance Fédérale),Banque BB,3,Paris,manuel,,,
CMW Corporate Finance,M&A Mid-Market,3,Paris,manuel,,,
Cairus,M&A Mid-Market,3,Paris,watch,,https://www.cairus.com/,https://www.cairus.com/
Capstone Finance,M&A Mid-Market,3,Paris,manuel,,,
Carmine Capital,M&A Mid-Market,3,Paris,manuel,,,
Chami & Co,M&A Mid-Market,3,Paris,manuel,,,https://www.chamiandco.com/
Clairfield International,M&A Mid-Market,3,Paris,watch,,https://www.clairfield.com/join-us/,https://www.clairfield.com/join-us/
Crescendo Finance,M&A Mid-Market,3,Paris,watch,,https://crescendo-finance.com/carrieres/,https://crescendo-finance.com/carrieres/
Croissance Partenaires,M&A Mid-Market,3,Paris,watch,,https://croissancepartenaires.com,https://croissancepartenaires.com
D&A,M&A Mid-Market,3,Paris,watch,,https://da-cf.fr,https://da-cf.fr
Drake Star,M&A Mid-Market,3,Paris,watch,,https://www.drakestar.com/,https://www.drakestar.com/
ETXE Finance,M&A Mid-Market,3,Paris,manuel,,,
EURALLIA FINANCE,M&A Mid-Market,3,Paris,watch,,https://www.eurallia.fr/,https://www.eurallia.fr/
Elixem,M&A Mid-Market,3,Paris,watch,,https://elixem.fr,https://elixem.fr
Eponyme Partners,M&A Mid-Market,3,Paris,watch,,https://eponyme-partners.com,https://eponyme-partners.com
Equideals,M&A Mid-Market,3,Paris,watch,,http://www.equideals.fr/,http://www.equideals.fr/
Euroland Corporate,M&A Mid-Market,3,Paris,watch,,https://www.elcorp.com/,https://www.elcorp.com/
Euromerger,M&A Mid-Market,3,Paris,watch,,https://euromerger.com,https://euromerger.com
Eurvad Finance,M&A Mid-Market,3,Paris,watch,,https://eurvad.com/carrieres/,https://eurvad.com/carrieres/
FL Finance & Développement,M&A Mid-Market,3,Paris,watch,,https://fl.finance/fr/,https://fl.finance/fr/
Financière de Courcelles,M&A Mid-Market,3,Paris,watch,,https://financieredecourcelles.fr/contact/nous-rejoindre/,https://financieredecourcelles.fr/contact/nous-rejoindre/
Finaura Partners,M&A Mid-Market,3,Paris,manuel,,,
Finexsi,Transaction Services,3,Paris,watch,,https://finexsi.eu/carriere/,https://finexsi.eu/carriere/
Frenger International,M&A Mid-Market,3,Paris,manuel,,,
GP Bullhound,M&A Mid-Market,3,Paris,watch,,https://www.gpbullhound.com/careers/,https://www.gpbullhound.com/careers/
Gereje Corporate Finance,M&A Mid-Market,3,Paris,manuel,,,
Gimar & Co,M&A Mid-Market,3,Paris,watch,,https://gimarandco.com/careers/,https://gimarandco.com/careers/
Gouvernance & Valeurs,M&A Mid-Market,3,Paris,manuel,,,
Hottinguer Corporate Finance,M&A Mid-Market,3,Paris,manuel,,,
I-Deal Development,M&A Mid-Market,3,Paris,manuel,,,
Impulse Corporate Finance,M&A Mid-Market,3,Paris,manuel,,,https://www.impulse-cf.com/
Inspirit Partners,M&A Mid-Market,3,Paris,manuel,,,https://inspirit-partners.com
Invest Corporate Finance,M&A Mid-Market,3,Paris,watch,,https://all-invest.com/corporate-finance/,https://all-invest.com/corporate-finance/
Largillière Finance,M&A Mid-Market,3,Paris,watch,,https://largilliere-finance.com/carrieres/,https://largilliere-finance.com/carrieres/
Linkers,M&A Mid-Market,3,Paris,watch,,https://linkers.fr,https://linkers.fr
Logion Finance,M&A Mid-Market,3,Paris,watch,,https://www.logionfinance.com/,https://www.logionfinance.com/
MBA Capital,M&A Mid-Market,3,Paris,watch,,https://www.mba-capital.com/,https://www.mba-capital.com/
MMJD Partners,M&A Mid-Market,3,Paris,watch,,https://mmjd-partners.com,https://mmjd-partners.com
Matin Partners,M&A Mid-Market,3,Paris,manuel,,,
Mazarine Partners,M&A Mid-Market,3,Paris,manuel,,,
Messis Finance,M&A Mid-Market,3,Paris,watch,,https://www.messisfinance.com/fr,https://www.messisfinance.com/fr
Montfort & Co,M&A Mid-Market,3,Paris,manuel,,,
Nexia S&A,M&A Mid-Market,3,Paris,manuel,,,
OGMA,M&A Mid-Market,3,Paris,watch,,https://www.ogma-partners.com/,https://www.ogma-partners.com/
Ohana & Co,M&A Mid-Market,3,Paris,manuel,,,
Opportun'it,M&A Mid-Market,3,Paris,manuel,,,
Outmatch,M&A Mid-Market,3,Paris,watch,,https://outmatch.fr/rejoindre-outmatch/,https://outmatch.fr/rejoindre-outmatch/
Pax Corporate Finance,M&A Mid-Market,3,Paris,wttj_company,pax-corporate-finance,,https://www.pax.fr/recrutement
Quatuor,M&A Mid-Market,3,Paris,manuel,,,
R&J Capital,M&A Mid-Market,3,Paris,watch,,https://www.rjcapital.fr/,https://www.rjcapital.fr/
RSA Corporate Finance,M&A Mid-Market,3,Paris,manuel,,,
Raphaël Financial Advisory,M&A Mid-Market,3,Paris,manuel,,,
Reggio Partners,Transaction Services,3,Paris,watch,,https://www.reggio-partners.com/,https://www.reggio-partners.com/
Rochefort & Associés,M&A Mid-Market,3,Paris,manuel,,,
Scalene Partners,M&A Mid-Market,3,Paris,wttj_company,scalene-partners,,https://www.scalenepartners.com/
Sevenstones,M&A Mid-Market,3,Paris,watch,,https://sevenstones.fr,https://sevenstones.fr
Smart Entrepreneurs Partners,M&A Mid-Market,3,Paris,manuel,,,
Spin-Off & Co,M&A Mid-Market,3,Paris,watch,,https://spinoffandco.com,https://spinoffandco.com
Synercom,M&A Mid-Market,3,Paris,manuel,,,
TMB Finance,M&A Mid-Market,3,Paris,manuel,,,
Transactions & Cie (ex-Acetis Finance),M&A Mid-Market,3,Paris,watch,,https://www.transactionsetcie.com/,https://www.transactionsetcie.com/
Translink Corporate Finance,M&A Mid-Market,3,Paris,manuel,,,
Transversal Conseil,M&A Mid-Market,3,Paris,manuel,,,
Trianon Corporate Finance,M&A Mid-Market,3,Paris,manuel,,,
Trium & Co,M&A Mid-Market,3,Paris,watch,,https://www.triumandco.com/,https://www.triumandco.com/
Twinl,M&A Mid-Market,3,Paris,watch,,https://twinl.com,https://twinl.com
Valexcel Finance,M&A Mid-Market,3,Paris,manuel,,,
Verdier & Co,M&A Mid-Market,3,Paris,watch,,https://www.verdierandco.com/,https://www.verdierandco.com/
Wagram Corporate Finance,M&A Mid-Market,3,Paris,manuel,,,
Widoowin,M&A Mid-Market,3,Paris,watch,,https://widoowincf.com,https://widoowincf.com
You Are Capital,M&A Mid-Market,3,Paris,watch,,https://www.youarecapital.com/,https://www.youarecapital.com/
Zaoui & Co,Boutique M&A,1,Paris,manuel,,,
