company,label,url
J.P. Morgan,Students programmes,https://careers.jpmorgan.com/global/en/students/programs
Goldman Sachs,Programmes & internships,https://www.goldmansachs.com/careers/students/programs-and-internships
Morgan Stanley,Students & Graduates,https://www.morganstanley.com/people-opportunities/students-graduates
Bank of America,Students,https://careers.bankofamerica.com/en-us/students
Citi,Students & Graduates,https://jobs.citi.com/students-and-graduates
Barclays,Early Careers,https://search.jobs.barclays/early-careers
Deutsche Bank,Students & Graduates,https://careers.db.com/students-graduates/
HSBC,Students & Graduates,https://www.hsbc.com/careers/students-and-graduates
Société Générale,Students & Graduates,https://careers.societegenerale.com/en/students-graduates
Crédit Agricole CIB,Étudiants et jeunes diplômés,https://www.ca-cib.fr/carrieres/etudiants-et-jeunes-diplomes
Nomura,Insight programs,https://www.nomura.com/careers/early-careers/insight-programs/
Nomura,Early careers,https://www.nomura.com/careers/early-careers/
Mizuho,EMEA careers,https://www.mizuhogroup.com/emea/careers
Standard Chartered,Early careers,https://www.sc.com/en/careers/early-careers/
Santander CIB,Graduates,https://www.santandercib.com/careers
Jefferies,Students & Graduates,https://www.jefferies.com/careers/students-and-graduates/
Lazard,Students,https://www.lazard.com/careers/students/
Rothschild & Co,Students & Graduates,https://www.rothschildandco.com/en/careers/students-and-graduates/
Evercore,Students Europe & Asia,https://www.evercore.com/careers/students-graduates/students-graduates-europe-asia/
Evercore,Students US,https://www.evercore.com/careers/students-graduates/
Centerview Partners,Careers,https://www.centerviewpartners.com/careers.aspx
PJT Partners,Careers,https://www.pjtpartners.com/careers
Perella Weinberg Partners,Intern & Graduate,https://pwpartners.com/careers/intern-graduate-recruitment/
Moelis & Company,Careers,https://www.moelis.com/careers
Piper Sandler,Students,https://www.pipersandler.com/careers/students
Piper Sandler,Hiring timelines,https://www.pipersandler.com/careers/students/hiring-timelines
RBC Capital Markets,Students,https://jobs.rbc.com/ca/en/students
Oddo BHF,Carrières,https://www.oddo-bhf.com/fr/carrieres
KKR,Student careers,https://www.kkr.com/careers/student-careers
BlackRock,Students & Graduates EMEA,https://careers.blackrock.com/students-and-graduates-emea
Ardian,Join us,https://www.ardian.com/join-us
Hg,Join us,https://hgcapital.com/join-us
Tikehau Capital,Careers,https://www.tikehaucapital.com/en/careers
Partners Group,Careers,https://www.partnersgroup.com/en/careers
EY,Students UK,https://www.ey.com/en_uk/careers/students
