company,program,type,country,last_open,expected_open,closes,keywords,url,notes
GIC,GIC Internship Programme 2027,Stage,Royaume-Uni,2025-06-18,2026-06-18,,intern,https://www.gic.com.sg/careers,
BlackRock,2027 Spring Insight Event (EMEA),Spring,Royaume-Uni,2025-06-29,2026-06-29,,spring|insight,https://careers.blackrock.com/early-careers/,
Rothschild & Co,2027 Spring Insight Programme,Spring,Royaume-Uni,2025-08-15,2026-08-15,,spring|insight,https://www.rothschildandco.com/en/careers/,
J.P. Morgan,2027 Spring Into JPMorganChase,Spring,Royaume-Uni,2025-08-31,2026-08-31,,spring,https://careers.jpmorgan.com/global/en/students/programs,
Nomura,Women's Immersion Programme,Spring,Royaume-Uni,2025-08-31,2026-08-31,,immersion|women,https://www.nomura.com/careers,Programme réservé (diversité)
Blackstone,2027 Spring Insight Program,Spring,Royaume-Uni,2025-09-16,2026-09-16,,spring|insight,https://www.blackstone.com/careers/,
Blackstone,2027 Future Leaders Program,Spring,Royaume-Uni,2025-09-21,2026-09-21,,future leaders,https://www.blackstone.com/careers/,
Point72,2027 Academy Spring Insight Programme,Spring,Royaume-Uni,2025-09-20,2026-09-20,,spring|insight,https://point72.com/academy/,Non surveillée automatiquement
UBS,2027 Tomorrow's Talent & Spring Insight Program,Spring,Royaume-Uni,2025-09-30,2026-09-30,,spring|insight|tomorrow,https://www.ubs.com/global/en/careers/early-careers.html,
Evercore,Advisory Spring Week 2027,Spring,Royaume-Uni,2025-10-05,2026-10-05,,spring,https://www.evercore.com/careers/students-graduates/students-graduates-europe-asia/,
PwC,Women and Black Talent in Business 2027,Spring,Royaume-Uni,2025-10-05,2026-10-05,,women|black talent,https://www.pwc.co.uk/careers/student-careers.html,Programme réservé (diversité)
Macquarie,2027 Spring Insight Programme,Spring,Royaume-Uni,2025-10-11,2026-10-11,,spring|insight,https://www.macquarie.com/careers,
Bank of America,Spring Insight Program 2027,Spring,Royaume-Uni,2025-10-12,2026-10-12,,spring|insight,https://campus.bankofamerica.com/,
EY,Discover EY,Spring,Royaume-Uni,2025-10-12,2026-10-12,,discover,https://www.ey.com/en_uk/careers/students,
Wells Fargo,CIB Spring Week 2026/27,Spring,Royaume-Uni,2025-10-22,2026-10-22,,spring,https://www.wellsfargojobs.com/,
Citi,2027 Spring Insight (First Year Programme),Spring,Royaume-Uni,2025-10-27,2026-10-27,,spring|insight,https://jobs.citi.com/students-and-graduates,
Houlihan Lokey,2027 Spring Insight Week (Corporate Finance),Spring,Royaume-Uni,2025-10-27,2026-10-27,,spring|insight,https://hl.com/careers/,
BNP Paribas,2027 Spring Insight Programme,Spring,Royaume-Uni,2025-10-28,2026-10-28,,spring|insight,https://group.bnpparibas/en/careers,Non surveillée automatiquement
Deloitte,Spring Into Deloitte,Spring,Royaume-Uni,2025-10-30,2026-10-30,,spring,https://www.deloitte.com/uk/en/careers/students.html,
Crédit Agricole CIB,Summer Internship Programme 2027,Summer,Royaume-Uni,2025-11-03,2026-11-03,,summer,https://jobs.ca-cib.com/,
Jefferies,2027 Spring Week Programme,Spring,Royaume-Uni,2025-11-03,2026-11-03,,spring,https://www.jefferies.com/careers/students-and-graduates/,
Lazard,2027 Spring Insight Programme,Spring,Royaume-Uni,2025-11-03,2026-11-03,,spring|insight,https://www.lazard.com/careers/students/,
Deutsche Bank,Spring Into Banking Programme 2027,Spring,Royaume-Uni,2025-11-04,2026-11-04,,spring,https://careers.db.com/students-graduates/,
HSBC,2027 Spring Insight Programme,Spring,Royaume-Uni,2025-11-04,2026-11-04,,spring|insight,https://www.hsbc.com/careers/students-and-graduates,
Perella Weinberg Partners,2027 Advisory Prep Programme,Spring,Royaume-Uni,2025-11-17,2026-11-17,,prep,https://pwpartners.com/careers/intern-graduate-recruitment/,
Santander CIB,Spring Insight Programme 2027,Spring,Royaume-Uni,2025-11-23,2026-11-23,,spring|insight,https://www.santandercib.com/careers,
Scotiabank,2027 Summer Internship (UK),Summer,Royaume-Uni,2025-11-25,2026-11-25,,summer,https://jobs.scotiabank.com/,
Barclays,Discovery Programme 2027,Spring,Royaume-Uni,2025-12-01,2026-12-01,,discovery|spring|insight,https://search.jobs.barclays/early-careers,
Citi,Black Heritage Insight Programme 2027,Spring,Royaume-Uni,2025-12-01,2026-12-01,,black heritage,https://jobs.citi.com/students-and-graduates,Programme réservé (diversité)
Fidelity International,2027 Spring Insight Programme,Spring,Royaume-Uni,2025-12-01,2026-12-01,,spring|insight,https://careers.fidelityinternational.com/,Non surveillée automatiquement
Piper Sandler,2027 Spring Week Programme,Spring,Royaume-Uni,2025-12-01,2026-12-01,,spring,https://www.pipersandler.com/careers/students,
Houlihan Lokey,2027 Black Heritage Investment Banking Insight,Spring,Royaume-Uni,2025-12-05,2026-12-05,,black heritage,https://hl.com/careers/,Programme réservé (diversité)
RBC Capital Markets,2027 Spring Insight Programme,Spring,Royaume-Uni,2025-12-15,2026-12-15,,spring|insight,https://jobs.rbc.com/,
Rede Partners,Spring into Rede Insight Programme 2027,Spring,Royaume-Uni,2025-12-16,2026-12-16,,spring|insight,https://www.redepartners.com/careers,Non surveillée automatiquement (placement agent PE)
Barings,2027 See the Possibilities Programme,Spring,Royaume-Uni,2026-01-13,2027-01-13,,possibilities|insight,https://www.barings.com/careers,
Houlihan Lokey,2027 Women in Banking Insight Day,Spring,Royaume-Uni,2026-01-13,2027-01-13,,women,https://hl.com/careers/,Programme réservé (diversité)
Morgan Stanley,2027 Company and ISG Spring Insight Event,Spring,Royaume-Uni,2026-01-14,2027-01-14,,spring|insight,https://www.morganstanley.com/careers/students-graduates,
Standard Chartered,Insight Programme 2027,Spring,Royaume-Uni,2026-01-16,2027-01-16,,insight,https://jobs.standardchartered.com/,
PJT Partners,2027 Spring Insight Programme,Spring,Royaume-Uni,2026-01-23,2027-01-23,,spring|insight,https://www.pjtpartners.com/careers,
Ares Management,Exploring Ares: Diversity in Alternative Investing,Spring,Royaume-Uni,2026-02-02,2027-02-02,,exploring|diversity,https://www.aresmgmt.com/careers,Programme réservé (diversité)
Forvis Mazars,Spring Insight Programme,Spring,Royaume-Uni,2026-02-16,2027-02-16,,spring|insight,https://www.forvismazars.com/uk/en/careers,
PIMCO,PIMCO Prep 2027,Spring,Royaume-Uni,2026-02-25,2027-02-25,,prep,https://www.pimco.com/careers,Non surveillée automatiquement
TD Securities,Spring Insight Day,Spring,Royaume-Uni,2026-03-02,2027-03-02,,spring|insight,https://jobs.td.com/,
Schroders,2027 Spring Insight Programme,Spring,Royaume-Uni,2026-03-03,2027-03-03,,spring|insight,https://www.schroders.com/en/careers/,Non surveillée automatiquement
Citi,2027 Citi Insight Programme,Spring,Royaume-Uni,2026-03-04,2027-03-04,,insight,https://jobs.citi.com/students-and-graduates,
NatWest Markets,Insight Experience,Spring,Royaume-Uni,2026-03-31,2027-03-31,,insight,https://jobs.natwestgroup.com/,Non surveillée automatiquement
