source,query,location,label
linkedin,M&A intern,France,
linkedin,stage M&A,France,
linkedin,stage private equity,France,
linkedin,stage LBO,France,
linkedin,stage dette privée,France,
linkedin,investment banking internship,France,
linkedin,off-cycle internship investment banking,United Kingdom,
linkedin,M&A internship,United Kingdom,
linkedin,private equity internship,United Kingdom,
linkedin,private credit internship,United Kingdom,
linkedin,investment banking off-cycle internship,United States,
linkedin,private equity internship,United States,
jobteaser,M&A,,
jobteaser,private equity,,
jobteaser,LBO,,
jobteaser,corporate finance,,
jobteaser,dette privée,,
wttj,M&A,,
wttj,private equity,,
wttj,LBO,,
wttj,fusions acquisitions,,
wttj,dette privée,,
wttj,corporate finance,,
