name,homepage,category,tier,hq
J.P. Morgan,https://careers.jpmorgan.com,Banque BB,1,New York
Goldman Sachs,https://www.goldmansachs.com/careers,Banque BB,1,New York
Morgan Stanley,https://www.morganstanley.com/careers,Banque BB,1,New York
Bank of America,https://careers.bankofamerica.com,Banque BB,1,New York
Citi,https://jobs.citi.com,Banque BB,1,New York
Barclays,https://search.jobs.barclays,Banque BB,1,London
Deutsche Bank,https://careers.db.com,Banque BB,1,Frankfurt
UBS,https://www.ubs.com/global/en/careers.html,Banque BB,1,Zurich
HSBC,https://www.hsbc.com/careers,Banque BB,1,London
Wells Fargo,https://www.wellsfargojobs.com,Banque BB,2,New York
BNP Paribas,https://group.bnpparibas/en/careers,Banque BB,1,Paris
Société Générale,https://careers.societegenerale.com,Banque BB,1,Paris
Crédit Agricole CIB,https://www.ca-cib.com/careers,Banque BB,1,Paris
Natixis CIB,https://www.natixis.com/en/careers,Banque BB,1,Paris
Nomura,https://www.nomura.com/careers,Banque BB,2,Tokyo
Mizuho,https://www.mizuhogroup.com/americas/careers,Banque BB,2,Tokyo
MUFG,https://www.mufgemea.com/careers,Banque BB,2,Tokyo
SMBC,https://www.smbcgroup.com/emea/careers,Banque BB,2,Tokyo
RBC Capital Markets,https://jobs.rbc.com,Banque BB,2,Toronto
BMO Capital Markets,https://jobs.bmo.com,Banque BB,3,Toronto
TD Securities,https://jobs.td.com,Banque BB,3,Toronto
Scotiabank,https://jobs.scotiabank.com,Banque BB,3,Toronto
Jefferies,https://www.jefferies.com/careers,Banque BB,1,New York
Santander CIB,https://www.santandercib.com/careers,Banque BB,2,Madrid
BBVA CIB,https://www.bbva.com/en/careers,Banque BB,3,Madrid
ING,https://www.ing.jobs,Banque BB,3,Amsterdam
Standard Chartered,https://jobs.standardchartered.com,Banque BB,3,London
Macquarie,https://www.macquarie.com/careers,Banque BB,2,Sydney
UniCredit,https://www.unicreditgroup.eu/en/careers.html,Banque BB,3,Milan
Commerzbank,https://www.commerzbank.de/en/hauptnavigation/karriere,Banque BB,3,Frankfurt
Lazard,https://www.lazard.com/careers,Boutique M&A,1,New York
Rothschild & Co,https://www.rothschildandco.com/en/careers,Boutique M&A,1,Paris
Evercore,https://www.evercore.com/careers,Boutique M&A,1,New York
Centerview Partners,https://www.centerviewpartners.com/careers,Boutique M&A,1,New York
PJT Partners,https://www.pjtpartners.com/careers,Boutique M&A,1,New York
Moelis & Company,https://www.moelis.com/careers,Boutique M&A,1,New York
Perella Weinberg Partners,https://pwpartners.com/careers,Boutique M&A,1,New York
Guggenheim Partners,https://www.guggenheimpartners.com/careers,Boutique M&A,2,New York
Qatalyst Partners,https://www.qatalyst.com/careers,Boutique M&A,2,San Francisco
Houlihan Lokey,https://hl.com/careers,Boutique M&A,1,Los Angeles
LionTree,https://www.liontree.com/careers,Boutique M&A,2,New York
Solomon Partners,https://www.solomonpartners.com/careers,Boutique M&A,2,New York
Robey Warshaw,https://www.robeywarshaw.com,Boutique M&A,2,London
Ducera Partners,https://www.ducerapartners.com/careers,Boutique M&A,3,New York
Raine Group,https://raine.com/careers,Boutique M&A,3,New York
Greenhill (Mizuho),https://www.greenhill.com/careers,Boutique M&A,2,New York
Ondra Partners,https://www.ondra.com,Boutique M&A,3,London
Arma Partners,https://www.armapartners.com/careers,Boutique M&A,3,London
Allen & Company,https://www.allenco.com,Boutique M&A,3,New York
Messier & Associés,https://www.messierassocies.com,Boutique M&A,1,Paris
Edmond de Rothschild Corporate Finance,https://www.edmond-de-rothschild.com/en/careers,Boutique M&A,2,Paris
Natixis Partners,https://www.natixispartners.com,Boutique M&A,2,Paris
William Blair,https://www.williamblair.com/careers,M&A Mid-Market,2,Chicago
Lincoln International,https://www.lincolninternational.com/careers,M&A Mid-Market,1,Chicago
Harris Williams,https://www.harriswilliams.com/careers,M&A Mid-Market,2,Richmond
Piper Sandler,https://www.pipersandler.com/careers,M&A Mid-Market,2,Minneapolis
Baird,https://www.rwbaird.com/careers,M&A Mid-Market,2,Milwaukee
Stifel,https://www.stifel.com/careers,M&A Mid-Market,3,St. Louis
Raymond James,https://www.raymondjames.com/careers,M&A Mid-Market,3,St. Petersburg
Truist Securities,https://careers.truist.com,M&A Mid-Market,3,Atlanta
KeyBanc Capital Markets,https://www.key.com/about/careers.html,M&A Mid-Market,3,Cleveland
Cowen (TD),https://www.cowen.com/careers,M&A Mid-Market,3,New York
DC Advisory,https://www.dcadvisory.com/careers,M&A Mid-Market,1,London
Alantra,https://www.alantra.com/careers,M&A Mid-Market,1,Madrid
Clearwater International,https://www.clearwaterinternational.com/careers,M&A Mid-Market,2,London
Oaklins,https://www.oaklins.com/careers,M&A Mid-Market,2,Amsterdam
Oddo BHF,https://www.oddo-bhf.com/fr/carrieres,M&A Mid-Market,1,Paris
Bryan Garnier & Co,https://www.bryangarnier.com/careers,M&A Mid-Market,2,Paris
Cambon Partners,https://www.cambon-partners.com,M&A Mid-Market,2,Paris
Clipperton,https://www.clipperton.net,M&A Mid-Market,2,Paris
Capitalmind Investec,https://www.capitalmind.com/careers,M&A Mid-Market,2,Paris
Aelios Finance,https://www.aelios-finance.com,M&A Mid-Market,3,Paris
In Extenso Finance & Transmission,https://www.inextenso-finance.fr,M&A Mid-Market,3,Paris
Degroof Petercam,https://www.degroofpetercam.com/en-be/careers,M&A Mid-Market,3,Brussels
Kepler Cheuvreux,https://www.keplercheuvreux.com/en/careers,M&A Mid-Market,3,Paris
Portzamparc (BNP),https://www.portzamparc.fr,M&A Mid-Market,3,Nantes
Lazard Frères Banque,https://www.lazard.com/careers,M&A Mid-Market,3,Paris
Canaccord Genuity,https://www.canaccordgenuity.com/careers,M&A Mid-Market,3,Toronto
Investec,https://www.investec.com/en_gb/careers.html,M&A Mid-Market,2,London
Numis (Deutsche),https://www.numis.com/careers,M&A Mid-Market,3,London
Evelyn Partners,https://www.evelyn.com/careers,M&A Mid-Market,3,London
Cavendish,https://www.cavendish.com/careers,M&A Mid-Market,3,London
Peel Hunt,https://www.peelhunt.com/careers,M&A Mid-Market,3,London
Mediobanca,https://www.mediobanca.com/en/careers,M&A Mid-Market,3,Milan
Eight Advisory,https://www.8advisory.com/en/careers,Transaction Services,2,Paris
Accuracy,https://www.accuracy.com/careers,Transaction Services,2,Paris
Deloitte,https://www2.deloitte.com/fr/fr/careers.html,Transaction Services,2,London
EY,https://www.ey.com/en_gl/careers,Transaction Services,2,London
KPMG,https://kpmg.com/xx/en/careers.html,Transaction Services,2,Amstelveen
PwC,https://www.pwc.com/gx/en/careers.html,Transaction Services,2,London
Forvis Mazars,https://www.forvismazars.com/group/en/careers,Transaction Services,3,Paris
BDO,https://www.bdo.global/en-gb/careers,Transaction Services,3,Brussels
Grant Thornton,https://www.grantthornton.global/en/careers,Transaction Services,3,Chicago
Alvarez & Marsal,https://www.alvarezandmarsal.com/careers,Transaction Services,2,New York
FTI Consulting,https://www.fticonsulting.com/careers,Transaction Services,3,Washington
Kroll,https://www.kroll.com/en/careers,Transaction Services,3,New York
Advention,https://www.advention.com,Transaction Services,3,Paris
Blackstone,https://www.blackstone.com/careers,Private Equity,1,New York
KKR,https://www.kkr.com/careers,Private Equity,1,New York
Carlyle,https://www.carlyle.com/careers,Private Equity,1,Washington
Apollo,https://www.apollo.com/careers,Private Equity,1,New York
TPG,https://www.tpg.com/careers,Private Equity,1,San Francisco
Warburg Pincus,https://warburgpincus.com/careers,Private Equity,1,New York
Bain Capital,https://www.baincapital.com/careers,Private Equity,1,Boston
Advent International,https://www.adventinternational.com/careers,Private Equity,1,Boston
CVC Capital Partners,https://www.cvc.com/careers,Private Equity,1,Luxembourg
EQT,https://eqtgroup.com/careers,Private Equity,1,Stockholm
Permira,https://www.permira.com/careers,Private Equity,1,London
Cinven,https://www.cinven.com/careers,Private Equity,1,London
BC Partners,https://www.bcpartners.com/careers,Private Equity,2,London
Apax Partners,https://www.apax.com/careers,Private Equity,1,London
Hellman & Friedman,https://hf.com/careers,Private Equity,2,San Francisco
Silver Lake,https://www.silverlake.com/careers,Private Equity,2,Menlo Park
Thoma Bravo,https://www.thomabravo.com/careers,Private Equity,2,Chicago
Vista Equity Partners,https://www.vistaequitypartners.com/careers,Private Equity,2,Austin
General Atlantic,https://www.generalatlantic.com/careers,Private Equity,1,New York
Clayton Dubilier & Rice,https://www.cdr-inc.com/careers,Private Equity,2,New York
Leonard Green & Partners,https://www.leonardgreen.com,Private Equity,3,Los Angeles
Brookfield,https://www.brookfield.com/careers,Private Equity,1,Toronto
Ardian,https://www.ardian.com/careers,Private Equity,1,Paris
Partners Group,https://www.partnersgroup.com/en/careers,Private Equity,1,Baar
3i,https://www.3i.com/careers,Private Equity,2,London
ICG,https://www.icgam.com/careers,Private Equity,1,London
Bridgepoint,https://www.bridgepoint.eu/careers,Private Equity,1,London
IK Partners,https://ikpartners.com/careers,Private Equity,2,London
Triton Partners,https://www.triton-partners.com/careers,Private Equity,2,Frankfurt
Nordic Capital,https://www.nordiccapital.com/careers,Private Equity,2,Stockholm
Hg,https://hgcapital.com/careers,Private Equity,1,London
Montagu,https://www.montagu.com/careers,Private Equity,2,London
Charterhouse Capital Partners,https://www.charterhouse.co.uk,Private Equity,3,London
Equistone,https://www.equistonepe.com/careers,Private Equity,2,London
Inflexion,https://www.inflexion.com/careers,Private Equity,2,London
Exponent,https://www.exponentpe.com,Private Equity,3,London
Vitruvian Partners,https://www.vitruvianpartners.com/careers,Private Equity,2,London
Searchlight Capital,https://www.searchlightcap.com,Private Equity,3,New York
PAI Partners,https://www.paipartners.com/careers,Private Equity,1,Paris
Eurazeo,https://www.eurazeo.com/en/careers,Private Equity,1,Paris
Wendel,https://www.wendelgroup.com/en/careers,Private Equity,1,Paris
Tikehau Capital,https://www.tikehaucapital.com/en/careers,Private Equity,1,Paris
Antin Infrastructure Partners,https://www.antin-ip.com/careers,Infra / Real Assets,1,Paris
Astorg,https://www.astorg.com/careers,Private Equity,1,Paris
Seven2,https://www.seven2.eu/en/careers,Private Equity,2,Paris
Five Arrows (Rothschild),https://www.rothschildandco.com/en/five-arrows,Private Equity,2,Paris
Keensight Capital,https://www.keensightcapital.com,Private Equity,2,Paris
Montefiore Investment,https://www.montefiore.eu,Private Equity,2,Paris
Abenex,https://www.abenex.com,Private Equity,3,Paris
Andera Partners,https://www.anderapartners.com,Private Equity,3,Paris
Bpifrance,https://www.bpifrance.fr/nous-rejoindre,Private Equity,1,Paris
Capza,https://www.capza.co,Dette Privée,2,Paris
Siparex,https://www.siparex.com,Private Equity,3,Lyon
Naxicap Partners,https://www.naxicap.fr,Private Equity,3,Paris
Weinberg Capital Partners,https://www.weinbergcapital.com,Private Equity,3,Paris
LBO France,https://www.lbofrance.com,Private Equity,3,Paris
Cathay Capital,https://www.cathay.fr,Private Equity,3,Paris
Omnes Capital,https://www.omnescapital.com,Private Equity,3,Paris
Qualium Investissement,https://www.qualium-investissement.com,Private Equity,3,Paris
Parquest Capital,https://www.parquest.com,Private Equity,3,Paris
Argos Wityu,https://www.argos.wityu.fund,Private Equity,3,Paris
Chequers Capital,https://www.chequerscapital.com,Private Equity,3,Paris
Eurazeo PME,https://www.eurazeo.com/en/careers,Private Equity,3,Paris
Ardian Buyout,https://www.ardian.com/careers,Private Equity,3,Paris
Latour Capital,https://www.latour-capital.com,Private Equity,3,Paris
Activa Capital,https://www.activacapital.com,Private Equity,3,Paris
Mérieux Equity Partners,https://www.merieux-partners.com,Private Equity,3,Lyon
Edmond de Rothschild Private Equity,https://www.edmond-de-rothschild.com/en/careers,Private Equity,3,Geneva
Sagard,https://www.sagard.com/careers,Private Equity,2,Montreal
Cobepa,https://www.cobepa.com,Private Equity,3,Brussels
GBL / Sienna,https://www.gbl.com/en/careers,Private Equity,3,Brussels
Sofina,https://www.sofinagroup.com,Private Equity,3,Brussels
Investindustrial,https://www.investindustrial.com/careers,Private Equity,2,London
Platinum Equity,https://www.platinumequity.com/careers,Private Equity,3,Beverly Hills
Stonepeak,https://stonepeak.com/careers,Infra / Real Assets,2,New York
Global Infrastructure Partners,https://www.global-infra.com/careers,Infra / Real Assets,2,New York
Macquarie Asset Management,https://www.macquarie.com/careers,Infra / Real Assets,2,Sydney
Meridiam,https://www.meridiam.com/careers,Infra / Real Assets,2,Paris
InfraVia Capital Partners,https://www.infraviacapital.com,Infra / Real Assets,2,Paris
Mirova,https://www.mirova.com/en/careers,Infra / Real Assets,3,Paris
Blackstone Real Estate,https://www.blackstone.com/careers,Infra / Real Assets,3,New York
PATRIZIA,https://www.patrizia.ag/en/careers,Infra / Real Assets,3,Augsburg
AXA IM Alts,https://www.axa-im.com/careers,Infra / Real Assets,2,Paris
BauMont Real Estate Capital,https://www.baumont.com,Infra / Real Assets,3,London
Tishman Speyer,https://www.tishmanspeyer.com/careers,Infra / Real Assets,3,New York
Ares Management,https://www.aresmgmt.com/careers,Dette Privée,1,Los Angeles
Blue Owl,https://www.blueowl.com/careers,Dette Privée,1,New York
HPS Investment Partners,https://www.hpspartners.com/careers,Dette Privée,1,New York
Sixth Street,https://sixthstreet.com/careers,Dette Privée,1,San Francisco
Oaktree Capital,https://www.oaktreecapital.com/careers,Dette Privée,1,Los Angeles
Golub Capital,https://golubcapital.com/careers,Dette Privée,2,Chicago
Arcmont Asset Management,https://www.arcmont.com/careers,Dette Privée,2,London
Pemberton Asset Management,https://pembertonam.com/careers,Dette Privée,2,London
Hayfin Capital Management,https://www.hayfin.com/careers,Dette Privée,2,London
Kartesia,https://www.kartesia.com,Dette Privée,3,Brussels
Muzinich & Co,https://www.muzinich.com/careers,Dette Privée,3,New York
Barings,https://www.barings.com/careers,Dette Privée,2,Charlotte
Bain Capital Credit,https://www.baincapital.com/careers,Dette Privée,3,Boston
Crescent Capital,https://www.crescentcap.com/careers,Dette Privée,3,Los Angeles
Churchill Asset Management,https://www.churchillam.com/careers,Dette Privée,3,New York
Benefit Street Partners,https://www.benefitstreetpartners.com/careers,Dette Privée,3,New York
Antares Capital,https://www.antares.com/careers,Dette Privée,3,Chicago
Monroe Capital,https://www.monroecap.com/careers,Dette Privée,3,Chicago
Apollo Credit,https://www.apollo.com/careers,Dette Privée,3,New York
BlueBay (RBC),https://www.bluebay.com/en/careers,Dette Privée,3,London
Alcentra (Franklin),https://www.alcentra.com,Dette Privée,3,London
Eurazeo Private Debt,https://www.eurazeo.com/en/careers,Dette Privée,3,Paris
Fortress Investment Group,https://www.fortress.com/careers,Dette Privée,2,New York
Cerberus Capital,https://www.cerberus.com/careers,Dette Privée,3,New York
Davidson Kempner,https://www.davidsonkempner.com/careers,Dette Privée,3,New York
Elliott Management,https://www.elliottmgmt.com/careers,Dette Privée,3,West Palm Beach
Centerbridge Partners,https://www.centerbridge.com/careers,Dette Privée,3,New York
Angelo Gordon (TPG),https://www.angelogordon.com/careers,Dette Privée,3,New York
CPP Investments,https://www.cppinvestments.com/careers,Investisseur institutionnel,1,Toronto
Ontario Teachers' (OTPP),https://www.otpp.com/en-ca/careers,Investisseur institutionnel,2,Toronto
CDPQ,https://www.cdpq.com/en/careers,Investisseur institutionnel,2,Montreal
PSP Investments,https://www.investpsp.com/en/careers,Investisseur institutionnel,3,Montreal
Temasek,https://www.temasek.com.sg/en/careers,Investisseur institutionnel,1,Singapore
GIC,https://www.gic.com.sg/careers,Investisseur institutionnel,1,Singapore
ADIA,https://www.adia.ae/en/careers,Investisseur institutionnel,2,Abu Dhabi
Mubadala,https://www.mubadala.com/en/careers,Investisseur institutionnel,2,Abu Dhabi
PIF,https://www.pif.gov.sa/en/careers,Investisseur institutionnel,3,Riyadh
QIA,https://www.qia.qa/en/Careers,Investisseur institutionnel,3,Doha
Norges Bank Investment Management,https://www.nbim.no/en/careers,Investisseur institutionnel,3,Oslo
MBK Partners,https://www.mbkpartnersltd.com,Private Equity,2,Seoul
IMM Private Equity,https://www.imm.co.kr,Private Equity,3,Seoul
Hahn & Co,https://www.hahnco.com,Private Equity,3,Seoul
Affinity Equity Partners,https://www.affinityequity.com,Private Equity,3,Hong Kong
PAG,https://www.pag.com/careers,Private Equity,2,Hong Kong
Hillhouse Investment,https://www.hillhouseinvestment.com/careers,Private Equity,2,Singapore
Korea Investment Corporation,https://www.kic.kr/en,Investisseur institutionnel,3,Seoul
Mirae Asset Securities,https://securities.miraeasset.com,Banque BB,3,Seoul
Samsung Securities,https://www.samsungpop.com,Banque BB,3,Seoul
KDB Korea Development Bank,https://www.kdb.co.kr,Banque BB,3,Seoul
Pictet,https://www.group.pictet/careers,Investisseur institutionnel,2,Geneva
Lombard Odier,https://www.lombardodier.com/careers,Investisseur institutionnel,2,Geneva
Union Bancaire Privée,https://www.ubp.com/en/careers,Investisseur institutionnel,3,Geneva
Mirabaud,https://www.mirabaud.com/en/careers,Investisseur institutionnel,3,Geneva
Unigestion,https://www.unigestion.com/careers,Private Equity,3,Geneva
Capvis,https://www.capvis.com,Private Equity,3,Zurich
Gunvor,https://gunvorgroup.com/careers,Corporate Finance,3,Geneva
Trafigura,https://www.trafigura.com/careers,Corporate Finance,3,Geneva
Vitol,https://www.vitol.com/careers,Corporate Finance,3,Geneva
LVMH,https://www.lvmh.com/en/join-us,Corporate Finance,2,Paris
TotalEnergies,https://totalenergies.com/careers,Corporate Finance,3,Paris
L'Oréal,https://careers.loreal.com,Corporate Finance,3,Paris
Kering,https://www.kering.com/en/talent,Corporate Finance,3,Paris
Engie,https://www.engie.com/en/careers,Corporate Finance,3,Paris
Schneider Electric,https://www.se.com/ww/en/about-us/careers,Corporate Finance,3,Paris
Amundi,https://about.amundi.com/careers,Investisseur institutionnel,3,Paris
AXA,https://www.axa.com/en/careers,Investisseur institutionnel,3,Paris
Lazard Asset Management,https://www.lazardassetmanagement.com/careers,Investisseur institutionnel,3,New York
Neuberger Berman,https://www.nb.com/en/global/careers,Private Equity,2,New York
Hamilton Lane,https://www.hamiltonlane.com/en-us/careers,Private Equity,3,Philadelphia
StepStone Group,https://www.stepstonegroup.com/careers,Private Equity,3,New York
Coller Capital,https://www.collercapital.com/careers,Private Equity,3,London
Lexington Partners,https://www.lexingtonpartners.com/careers,Private Equity,3,New York
HarbourVest,https://www.harbourvest.com/careers,Private Equity,3,Boston
Adams Street Partners,https://www.adamsstreetpartners.com/careers,Private Equity,3,Chicago
Goldman Sachs Asset Management,https://www.goldmansachs.com/careers,Private Equity,3,New York
Morgan Stanley Investment Management,https://www.morganstanley.com/careers,Private Equity,3,New York
L Catterton,https://www.lcatterton.com/careers,Private Equity,2,Greenwich
Ardian Private Debt,https://www.ardian.com/careers,Dette Privée,3,Paris
